{"cameraMode":{"drawMode":0,"name":"Shaded","section":"Shading Mode"},"sceneLighting":false,"audioPlay":false,"sceneViewState":{"showFog":true,"showMaterialUpdate":false,"showSkybox":false,"showFlares":true,"showImageEffects":true,"showParticleSystems":true},"in2DMode":false,"pivot":{"x":-43.68988037109375,"y":11.411521911621094,"z":-18.7421932220459},"rotation":{"x":0.05306088551878929,"y":0.6734947562217712,"z":-0.04857560992240906,"w":0.7356835007667542},"size":23.246145248413087,"orthographic":false}