{"cameraMode":{"drawMode":0,"name":"Shaded","section":"Shading Mode"},"sceneLighting":false,"audioPlay":false,"sceneViewState":{"showFog":true,"showMaterialUpdate":true,"showSkybox":true,"showFlares":true,"showImageEffects":true,"showParticleSystems":true},"in2DMode":false,"pivot":{"x":-14.124631881713868,"y":3.2148895263671877,"z":-44.377323150634769},"rotation":{"x":0.2650638818740845,"y":-0.0402054600417614,"z":0.011045746505260468,"w":0.9633533954620361},"size":56.17961120605469,"orthographic":false}