{"cameraMode":{"drawMode":0,"name":"Shaded","section":"Shading Mode"},"sceneLighting":false,"audioPlay":false,"sceneViewState":{"showFog":true,"showMaterialUpdate":false,"showSkybox":false,"showFlares":true,"showImageEffects":true,"showParticleSystems":true},"in2DMode":false,"pivot":{"x":-50.112388610839847,"y":-44.0211067199707,"z":-3.5107052326202394},"rotation":{"x":-0.17849823832511903,"y":0.7581420540809631,"z":-0.23228982090950013,"w":-0.5825902819633484},"size":133.12132263183595,"orthographic":false}