{"cameraMode":{"drawMode":0,"name":"Shaded","section":"Shading Mode"},"sceneLighting":false,"audioPlay":false,"sceneViewState":{"showFog":true,"showMaterialUpdate":false,"showSkybox":false,"showFlares":true,"showImageEffects":true,"showParticleSystems":true},"in2DMode":false,"pivot":{"x":405.8218688964844,"y":-12.572428703308106,"z":-13.283967971801758},"rotation":{"x":-0.017139194533228875,"y":-0.7724964022636414,"z":0.020858826115727426,"w":-0.6344631314277649},"size":442.74151611328127,"orthographic":false}