{"cameraMode":{"drawMode":0,"name":"Shaded","section":"Shading Mode"},"sceneLighting":false,"audioPlay":false,"sceneViewState":{"showFog":true,"showMaterialUpdate":false,"showSkybox":false,"showFlares":true,"showImageEffects":true,"showParticleSystems":true},"in2DMode":false,"pivot":{"x":75.89466857910156,"y":-43.601016998291019,"z":35.544921875},"rotation":{"x":-0.2912982404232025,"y":-0.31230679154396059,"z":0.10124751925468445,"w":-0.8985403180122376},"size":184.59262084960938,"orthographic":false}