{"cameraMode":{"drawMode":0,"name":"Shaded","section":"Shading Mode"},"sceneLighting":false,"audioPlay":false,"sceneViewState":{"showFog":true,"showMaterialUpdate":false,"showSkybox":true,"showFlares":true,"showImageEffects":true,"showParticleSystems":true},"in2DMode":false,"pivot":{"x":-2.823490619659424,"y":-1.3107452392578126,"z":-35.951759338378909},"rotation":{"x":-0.1537817418575287,"y":0.2035481482744217,"z":-0.03239148482680321,"w":-0.9663747549057007},"size":8.541841506958008,"orthographic":false}