{"cameraMode":{"drawMode":0,"name":"Shaded","section":"Shading Mode"},"sceneLighting":false,"audioPlay":false,"sceneViewState":{"showFog":true,"showMaterialUpdate":true,"showSkybox":true,"showFlares":true,"showImageEffects":true,"showParticleSystems":true},"in2DMode":false,"pivot":{"x":310.8488464355469,"y":115.3187255859375,"z":-133.8822479248047},"rotation":{"x":-0.06049254536628723,"y":0.8917171359062195,"z":-0.1252039223909378,"w":-0.43074479699134829},"size":49.888160705566409,"orthographic":false}