{"cameraMode":{"drawMode":0,"name":"Shaded","section":"Shading Mode"},"sceneLighting":false,"audioPlay":false,"sceneViewState":{"showFog":true,"showMaterialUpdate":false,"showSkybox":false,"showFlares":true,"showImageEffects":true,"showParticleSystems":true},"in2DMode":false,"pivot":{"x":4.619117736816406,"y":2.613027334213257,"z":1.1675208806991578},"rotation":{"x":0.13867712020874024,"y":-0.4906734824180603,"z":-0.07942835986614227,"w":-0.8565713763237},"size":2.8578836917877199,"orthographic":false}