{"cameraMode":{"drawMode":0,"name":"Shaded","section":"Shading Mode"},"sceneLighting":false,"audioPlay":false,"sceneViewState":{"showFog":true,"showMaterialUpdate":false,"showSkybox":false,"showFlares":true,"showImageEffects":true,"showParticleSystems":true},"in2DMode":false,"pivot":{"x":-74.67313385009766,"y":6.022565841674805,"z":-0.016078948974609376},"rotation":{"x":0.10954035818576813,"y":-0.8794500827789307,"z":0.3930676281452179,"w":0.2450951784849167},"size":443.7250671386719,"orthographic":false}