{"cameraMode":{"drawMode":0,"name":"Shaded","section":"Shading Mode"},"sceneLighting":false,"audioPlay":false,"sceneViewState":{"showFog":true,"showMaterialUpdate":true,"showSkybox":true,"showFlares":true,"showImageEffects":true,"showParticleSystems":true},"in2DMode":false,"pivot":{"x":1.7243459224700928,"y":1.6032185554504395,"z":1.3676161766052247},"rotation":{"x":-0.16126050055027009,"y":-0.021907832473516465,"z":0.003596463007852435,"w":-0.9867042899131775},"size":7.979065418243408,"orthographic":false}