{"cameraMode":{"drawMode":0,"name":"Shaded","section":"Shading Mode"},"sceneLighting":false,"audioPlay":false,"sceneViewState":{"showFog":true,"showMaterialUpdate":true,"showSkybox":true,"showFlares":true,"showImageEffects":true,"showParticleSystems":true},"in2DMode":false,"pivot":{"x":18.03571891784668,"y":-100.40721893310547,"z":-43.25423812866211},"rotation":{"x":0.009499561041593552,"y":0.9480352997779846,"z":-0.31680330634117129,"w":0.028453992679715158},"size":269.5124206542969,"orthographic":false}