{"cameraMode":{"drawMode":0,"name":"Shaded","section":"Shading Mode"},"sceneLighting":false,"audioPlay":false,"sceneViewState":{"showFog":true,"showMaterialUpdate":false,"showSkybox":false,"showFlares":true,"showImageEffects":true,"showParticleSystems":true},"in2DMode":false,"pivot":{"x":218.59120178222657,"y":-182.720458984375,"z":-210.40090942382813},"rotation":{"x":-0.1307869702577591,"y":-0.866145133972168,"z":0.29957810044288638,"w":-0.3781015872955322},"size":442.74151611328127,"orthographic":false}