{"cameraMode":{"drawMode":0,"name":"Shaded","section":"Shading Mode"},"sceneLighting":false,"audioPlay":false,"sceneViewState":{"showFog":true,"showMaterialUpdate":true,"showSkybox":true,"showFlares":true,"showImageEffects":true,"showParticleSystems":true},"in2DMode":false,"pivot":{"x":-4.986917495727539,"y":1.3913674354553223,"z":102.2679672241211},"rotation":{"x":-0.01256911177188158,"y":-0.7154316306114197,"z":0.01288663875311613,"w":-0.6984802484512329},"size":56.17961120605469,"orthographic":false}