{"cameraMode":{"drawMode":0,"name":"Shaded","section":"Shading Mode"},"sceneLighting":false,"audioPlay":false,"sceneViewState":{"showFog":true,"showMaterialUpdate":true,"showSkybox":true,"showFlares":true,"showImageEffects":true,"showParticleSystems":true},"in2DMode":false,"pivot":{"x":-4.793551921844482,"y":-42.93006896972656,"z":-5.2425537109375},"rotation":{"x":0.006190909538418055,"y":0.8883079886436462,"z":-0.45908382534980776,"w":0.011998606845736504},"size":269.5124206542969,"orthographic":false}