{"cameraMode":{"drawMode":0,"name":"Shaded","section":"Shading Mode"},"sceneLighting":false,"audioPlay":false,"sceneViewState":{"showFog":true,"showMaterialUpdate":false,"showSkybox":false,"showFlares":true,"showImageEffects":true,"showParticleSystems":true},"in2DMode":false,"pivot":{"x":-1.6934071779251099,"y":-3.1996335983276369,"z":19.601940155029298},"rotation":{"x":0.16310624778270722,"y":-0.11632733047008515,"z":0.01937020756304264,"w":0.979534924030304},"size":23.246145248413087,"orthographic":false}