{"cameraMode":{"drawMode":0,"name":"Shaded","section":"Shading Mode"},"sceneLighting":false,"audioPlay":false,"sceneViewState":{"showFog":true,"showMaterialUpdate":false,"showSkybox":false,"showFlares":true,"showImageEffects":true,"showParticleSystems":true},"in2DMode":false,"pivot":{"x":-3.998547315597534,"y":2.66373872756958,"z":-1.0629794597625733},"rotation":{"x":0.15355737507343293,"y":-0.06457334756851196,"z":0.010056735947728157,"w":0.98597651720047},"size":11.995992660522461,"orthographic":true}