{"cameraMode":{"drawMode":0,"name":"Shaded","section":"Shading Mode"},"sceneLighting":false,"audioPlay":false,"sceneViewState":{"showFog":true,"showMaterialUpdate":false,"showSkybox":false,"showFlares":true,"showImageEffects":true,"showParticleSystems":true},"in2DMode":false,"pivot":{"x":112.01344299316406,"y":84.54230499267578,"z":47.17117691040039},"rotation":{"x":-0.19676673412322999,"y":0.758927583694458,"z":-0.2663278877735138,"w":-0.5607088804244995},"size":12.432585716247559,"orthographic":false}