{"cameraMode":{"drawMode":0,"name":"Shaded","section":"Shading Mode"},"sceneLighting":false,"audioPlay":false,"sceneViewState":{"showFog":true,"showMaterialUpdate":false,"showSkybox":false,"showFlares":true,"showImageEffects":true,"showParticleSystems":true},"in2DMode":false,"pivot":{"x":-9.387380599975586,"y":10.746089935302735,"z":-3.4922070503234865},"rotation":{"x":0.3549390435218811,"y":-0.02636275812983513,"z":0.010013441555202008,"w":0.9344632625579834},"size":23.246145248413087,"orthographic":false}