{"cameraMode":{"drawMode":0,"name":"Shaded","section":"Shading Mode"},"sceneLighting":false,"audioPlay":false,"sceneViewState":{"showFog":true,"showMaterialUpdate":false,"showSkybox":false,"showFlares":true,"showImageEffects":true,"showParticleSystems":true},"in2DMode":false,"pivot":{"x":-6.357291221618652,"y":7.666770935058594,"z":-15.268775939941407},"rotation":{"x":0.2186976671218872,"y":0.013759790919721127,"z":-0.0030853699427098037,"w":0.9757032990455627},"size":4.041658401489258,"orthographic":false}