{"cameraMode":{"drawMode":0,"name":"Shaded","section":"Shading Mode"},"sceneLighting":false,"audioPlay":false,"sceneViewState":{"showFog":true,"showMaterialUpdate":false,"showSkybox":true,"showFlares":true,"showImageEffects":true,"showParticleSystems":true},"in2DMode":false,"pivot":{"x":16.270553588867189,"y":5.449331283569336,"z":52.717288970947269},"rotation":{"x":0.07445990294218064,"y":-0.3466856777667999,"z":0.02761809341609478,"w":0.934621274471283},"size":54.647796630859378,"orthographic":false}