{"cameraMode":{"drawMode":0,"name":"Shaded","section":"Shading Mode"},"sceneLighting":false,"audioPlay":false,"sceneViewState":{"showFog":true,"showMaterialUpdate":false,"showSkybox":false,"showFlares":true,"showImageEffects":true,"showParticleSystems":true},"in2DMode":false,"pivot":{"x":0.01191699504852295,"y":1.0913677215576172,"z":-0.027965068817138673},"rotation":{"x":0.23284897208213807,"y":-0.6403408646583557,"z":0.2129134237766266,"w":0.7002997398376465},"size":11.995992660522461,"orthographic":false}