{"cameraMode":{"drawMode":0,"name":"Shaded","section":"Shading Mode"},"sceneLighting":false,"audioPlay":false,"sceneViewState":{"showFog":true,"showMaterialUpdate":false,"showSkybox":false,"showFlares":true,"showImageEffects":true,"showParticleSystems":true},"in2DMode":false,"pivot":{"x":29.659944534301759,"y":15.512481689453125,"z":141.91705322265626},"rotation":{"x":0.003253139555454254,"y":0.9944335222244263,"z":-0.10027732700109482,"w":0.032226964831352237},"size":3.8270485401153566,"orthographic":false}