{"cameraMode":{"drawMode":0,"name":"Shaded","section":"Shading Mode"},"sceneLighting":false,"audioPlay":false,"sceneViewState":{"showFog":true,"showMaterialUpdate":false,"showSkybox":true,"showFlares":true,"showImageEffects":true,"showParticleSystems":true},"in2DMode":false,"pivot":{"x":-2.9173591136932375,"y":2.5799999237060549,"z":-0.12000000476837158},"rotation":{"x":-0.1866103708744049,"y":-0.3143547773361206,"z":0.06316977739334107,"w":-0.9286397099494934},"size":8.541841506958008,"orthographic":false}