{"cameraMode":{"drawMode":0,"name":"Shaded","section":"Shading Mode"},"sceneLighting":false,"audioPlay":false,"sceneViewState":{"showFog":true,"showMaterialUpdate":false,"showSkybox":false,"showFlares":true,"showImageEffects":true,"showParticleSystems":true},"in2DMode":false,"pivot":{"x":120.31802368164063,"y":-25.929885864257814,"z":10.177749633789063},"rotation":{"x":-0.06455746293067932,"y":-0.9204310774803162,"z":0.34488287568092348,"w":-0.17235571146011353},"size":184.59262084960938,"orthographic":false}