{"cameraMode":{"drawMode":0,"name":"Shaded","section":"Shading Mode"},"sceneLighting":false,"audioPlay":false,"sceneViewState":{"showFog":true,"showMaterialUpdate":true,"showSkybox":true,"showFlares":true,"showImageEffects":true,"showParticleSystems":true},"in2DMode":false,"pivot":{"x":-8.650092124938965,"y":2.8603434562683107,"z":13.395735740661621},"rotation":{"x":0.0063671874813735489,"y":-0.9806697368621826,"z":0.03237718343734741,"w":0.19308733940124513},"size":7.586438179016113,"orthographic":false}