{"cameraMode":{"drawMode":0,"name":"Shaded","section":"Shading Mode"},"sceneLighting":false,"audioPlay":false,"sceneViewState":{"showFog":true,"showMaterialUpdate":false,"showSkybox":false,"showFlares":true,"showImageEffects":true,"showParticleSystems":true},"in2DMode":false,"pivot":{"x":37.44428253173828,"y":71.59174346923828,"z":-6.748591899871826},"rotation":{"x":0.3540470600128174,"y":-0.6219502091407776,"z":0.37281736731529238,"w":0.5906438231468201},"size":2.768036127090454,"orthographic":false}